session_id,packet_size_bytes,protocol_type,source_port_range,flags_present,duration_ms,packet_count,traffic_category
1,40,TCP,Dynamic,SYN,275,358,C3
2,64,TCP,Dynamic,SYN,22,3,C2
3,614,TCP,Well-Known,NONE,33,3,C1
4,1087,TCP,Well-Known,ACK,1055,107,C1
5,704,TCP,Well-Known,ACK,37,5,C1
6,74,ICMP,Dynamic,FIN,48,5,C2
7,327,TCP,Well-Known,ACK,1227,25,C1
8,728,TCP,Registered,SYN,680,61,C1
9,40,TCP,Dynamic,SYN,172,350,C3
10,1323,TCP,Registered,NONE,19,5,C1
11,84,ICMP,Dynamic,SYN,1,9,C2
12,1172,TCP,Well-Known,NONE,908,55,C1
13,840,TCP,Registered,ACK,47,3,C1
14,40,TCP,Dynamic,ACK,305,88,C3
15,74,TCP,Well-Known,SYN,36,1,C2
16,40,UDP,Dynamic,SYN,267,219,C3
17,2048,TCP,Dynamic,SYN,337,436,C3
18,434,TCP,Dynamic,NONE,60,14,C1
19,2048,TCP,Dynamic,SYN,157,607,C3
20,40,TCP,Dynamic,SYN,297,43,C3
21,40,TCP,Dynamic,SYN,279,93,C3
22,540,TCP,Well-Known,ACK,1052,67,C1
23,1128,TCP,Well-Known,ACK,38,4,C1
24,64,ICMP,Registered,SYN,24,1,C2
25,736,UDP,Well-Known,ACK,692,83,C1
26,1112,TCP,Well-Known,ACK,1458,53,C1
27,1500,TCP,Dynamic,SYN,175,288,C3
28,74,UDP,Dynamic,SYN,26,7,C2
29,1401,UDP,Dynamic,ACK,843,130,C1
30,84,TCP,Dynamic,NONE,39,2,C2
31,40,TCP,Dynamic,ACK,394,368,C3
32,2048,UDP,Dynamic,ACK,48,114,C3
33,1079,TCP,Registered,ACK,111,113,C1
34,74,TCP,Dynamic,FIN,83,1,C2
35,74,ICMP,Dynamic,SYN,30,1,C2
36,40,TCP,Registered,SYN,1,242,C3
37,64,ICMP,Dynamic,NONE,37,2,C2
38,64,TCP,Dynamic,SYN,31,8,C2
39,64,TCP,Dynamic,SYN,49,1,C2
40,74,ICMP,Dynamic,SYN,51,2,C2
41,74,UDP,Dynamic,NONE,11,5,C2
42,587,TCP,Well-Known,NONE,51,8,C1
43,1030,TCP,Well-Known,ACK,508,37,C1
44,64,TCP,Well-Known,SYN,40,2,C2
45,1018,TCP,Well-Known,ACK,1370,20,C1
46,995,UDP,Well-Known,ACK,1429,110,C1
47,84,TCP,Dynamic,NONE,1,2,C2
48,74,ICMP,Registered,SYN,38,10,C2
49,40,TCP,Dynamic,SYN,56,528,C3
50,581,UDP,Well-Known,ACK,21,8,C1
51,611,TCP,Registered,NONE,12,6,C1
52,843,TCP,Well-Known,NONE,550,85,C1
53,899,TCP,Well-Known,ACK,1270,119,C1
54,64,TCP,Dynamic,SYN,19,1,C2
55,1425,TCP,Well-Known,ACK,50,6,C1
56,1500,TCP,Dynamic,SYN,89,291,C3
57,1400,UDP,Well-Known,ACK,54,5,C1
58,40,TCP,Dynamic,SYN,131,291,C3
59,415,TCP,Dynamic,ACK,1363,168,C1
60,1401,TCP,Dynamic,NONE,367,39,C1
61,1500,TCP,Dynamic,SYN,120,564,C3
62,84,ICMP,Dynamic,FIN,46,7,C2
63,64,TCP,Dynamic,FIN,36,2,C2
64,40,UDP,Dynamic,FIN,191,417,C3
65,825,TCP,Registered,ACK,782,78,C1
66,661,TCP,Registered,ACK,471,89,C1
67,2048,TCP,Dynamic,SYN,40,120,C3
68,989,TCP,Registered,ACK,2174,35,C1
69,2048,UDP,Dynamic,SYN,277,679,C3
70,1500,TCP,Dynamic,ACK,239,276,C3
71,74,ICMP,Dynamic,NONE,1,3,C2
72,1014,TCP,Registered,ACK,52,76,C1
73,498,UDP,Well-Known,ACK,902,51,C1
74,642,UDP,Well-Known,ACK,1436,56,C1
75,40,UDP,Dynamic,SYN,218,325,C3
76,40,TCP,Dynamic,SYN,460,253,C3
77,40,TCP,Dynamic,SYN,226,275,C3
78,2048,TCP,Registered,SYN,182,456,C3
79,40,TCP,Dynamic,FIN,364,523,C3
80,84,ICMP,Registered,FIN,33,8,C2
81,84,ICMP,Dynamic,SYN,24,3,C2
82,1500,TCP,Registered,SYN,7,198,C3
83,336,TCP,Registered,ACK,1171,58,C1
84,1388,TCP,Registered,ACK,596,12,C1
85,1101,TCP,Well-Known,ACK,39,7,C1
86,1116,TCP,Dynamic,NONE,750,52,C1
87,932,UDP,Well-Known,ACK,523,1,C1
88,84,ICMP,Dynamic,SYN,91,2,C2
89,1111,TCP,Well-Known,ACK,55,6,C1
90,1500,TCP,Dynamic,SYN,548,335,C3
91,1317,TCP,Registered,ACK,933,79,C1
92,472,TCP,Dynamic,SYN,266,101,C1
93,1489,TCP,Dynamic,NONE,982,67,C1
94,74,ICMP,Dynamic,SYN,60,1,C2
95,320,UDP,Registered,ACK,952,1,C1
96,84,ICMP,Registered,FIN,71,1,C2
97,1021,TCP,Well-Known,ACK,968,64,C1
98,74,TCP,Dynamic,SYN,1,1,C2
99,782,TCP,Well-Known,ACK,249,130,C1
100,554,TCP,Registered,NONE,863,37,C1
101,2048,TCP,Dynamic,SYN,64,292,C3
102,453,TCP,Dynamic,ACK,858,142,C1
103,611,TCP,Well-Known,ACK,1170,1,C1
104,40,UDP,Dynamic,SYN,292,181,C3
105,1355,TCP,Registered,ACK,1050,110,C1
106,64,ICMP,Registered,NONE,37,3,C2
107,856,TCP,Well-Known,ACK,149,56,C1
108,515,TCP,Registered,ACK,829,85,C1
109,84,TCP,Registered,SYN,18,1,C2
110,1500,TCP,Dynamic,SYN,233,1,C3
111,1304,TCP,Registered,ACK,1642,140,C1
112,999,TCP,Well-Known,SYN,12,5,C1
113,1402,TCP,Dynamic,NONE,143,65,C1
114,1028,UDP,Registered,ACK,57,103,C1
115,311,TCP,Well-Known,ACK,1586,50,C1
116,1060,TCP,Dynamic,NONE,1210,81,C1
117,1500,UDP,Dynamic,SYN,220,424,C3
118,649,TCP,Well-Known,ACK,819,140,C1
119,855,TCP,Well-Known,NONE,17,5,C1
120,84,TCP,Registered,SYN,39,1,C2
121,40,UDP,Dynamic,SYN,284,54,C3
122,1323,TCP,Well-Known,ACK,54,6,C1
123,551,TCP,Well-Known,ACK,1173,61,C1
124,40,TCP,Dynamic,SYN,188,495,C3
125,74,TCP,Dynamic,NONE,34,6,C2
126,74,ICMP,Dynamic,NONE,37,4,C2
127,84,ICMP,Well-Known,NONE,6,4,C2
128,74,ICMP,Dynamic,SYN,58,3,C2
129,2048,TCP,Dynamic,SYN,261,369,C3
130,1195,TCP,Registered,NONE,1543,6,C1
131,1500,TCP,Dynamic,SYN,237,367,C3
132,519,TCP,Well-Known,NONE,1243,55,C1
133,1012,UDP,Well-Known,ACK,53,7,C1
134,796,TCP,Well-Known,ACK,1266,98,C1
135,64,ICMP,Well-Known,SYN,17,5,C2
136,483,UDP,Well-Known,ACK,785,86,C1
137,74,TCP,Registered,NONE,20,6,C2
138,1500,TCP,Dynamic,SYN,95,355,C3
139,1500,TCP,Registered,SYN,264,401,C3
140,64,ICMP,Well-Known,NONE,1,4,C2
141,895,TCP,Dynamic,ACK,1067,52,C1
142,1500,TCP,Dynamic,SYN,227,478,C3
143,526,UDP,Registered,ACK,460,98,C1
144,84,ICMP,Dynamic,NONE,37,2,C2
145,468,TCP,Registered,ACK,454,56,C1
146,40,TCP,Dynamic,ACK,142,114,C3
147,64,UDP,Dynamic,SYN,32,1,C2
148,1250,TCP,Well-Known,SYN,647,3,C1
149,64,ICMP,Dynamic,SYN,3,6,C2
150,1500,TCP,Dynamic,SYN,318,287,C3
